{
  "backpropType" : "Standard",
  "cacheMode" : "NONE",
  "dataType" : "FLOAT",
  "defaultConfiguration" : {
    "cacheMode" : "NONE",
    "dataType" : "FLOAT",
    "epochCount" : 0,
    "iterationCount" : 0,
    "layer" : null,
    "maxNumLineSearchIterations" : 5,
    "miniBatch" : true,
    "minimize" : true,
    "optimizationAlgo" : "STOCHASTIC_GRADIENT_DESCENT",
    "seed" : 123,
    "stepFunction" : null,
    "variables" : [ "shared1_W", "shared1_b", "shared2_W", "shared2_b", "value1_W", "value1_b", "value_out_W", "value_out_b", "advantage1_W", "advantage1_b", "advantage_out_W", "advantage_out_b" ]
  },
  "epochCount" : 0,
  "inferenceWorkspaceMode" : "ENABLED",
  "iterationCount" : 0,
  "networkInputs" : [ "input" ],
  "networkOutputs" : [ "value_out", "advantage_out" ],
  "tbpttBackLength" : 20,
  "tbpttFwdLength" : 20,
  "topologicalOrder" : [ 0, 1, 2, 3, 4, 5, 7, 6, 8 ],
  "topologicalOrderStr" : [ "input", "shared1", "dropout1", "shared2", "dropout2", "value1", "advantage1", "value_out", "advantage_out" ],
  "trainingWorkspaceMode" : "ENABLED",
  "validateOutputLayerConfig" : true,
  "vertexInputs" : {
    "shared1" : [ "input" ],
    "dropout1" : [ "shared1" ],
    "shared2" : [ "dropout1" ],
    "dropout2" : [ "shared2" ],
    "value1" : [ "dropout2" ],
    "value_out" : [ "value1" ],
    "advantage1" : [ "dropout2" ],
    "advantage_out" : [ "advantage1" ]
  },
  "vertices" : {
    "shared1" : {
      "@class" : "org.deeplearning4j.nn.conf.graph.LayerVertex",
      "layerConf" : {
        "cacheMode" : "NONE",
        "dataType" : "FLOAT",
        "epochCount" : 0,
        "iterationCount" : 0,
        "layer" : {
          "@class" : "org.deeplearning4j.nn.conf.layers.DenseLayer",
          "activationFn" : {
            "@class" : "org.nd4j.linalg.activations.impl.ActivationReLU",
            "max" : null,
            "negativeSlope" : null,
            "threshold" : null
          },
          "biasInit" : 0.0,
          "biasUpdater" : null,
          "constraints" : null,
          "gainInit" : 1.0,
          "gradientNormalization" : "None",
          "gradientNormalizationThreshold" : 1.0,
          "hasBias" : true,
          "hasLayerNorm" : false,
          "idropout" : null,
          "iupdater" : {
            "@class" : "org.nd4j.linalg.learning.config.Adam",
            "beta1" : 0.9,
            "beta2" : 0.999,
            "epsilon" : 1.0E-8,
            "learningRate" : 1.0E-4
          },
          "layerName" : "shared1",
          "nin" : 64,
          "nout" : 512,
          "regularization" : [ ],
          "regularizationBias" : [ ],
          "timeDistributedFormat" : null,
          "weightInitFn" : {
            "@class" : "org.deeplearning4j.nn.weights.WeightInitXavier"
          },
          "weightNoise" : null
        },
        "maxNumLineSearchIterations" : 5,
        "miniBatch" : true,
        "minimize" : true,
        "optimizationAlgo" : "STOCHASTIC_GRADIENT_DESCENT",
        "seed" : 123,
        "stepFunction" : null,
        "variables" : [ "W", "b" ]
      },
      "outputVertex" : false,
      "preProcessor" : null
    },
    "dropout1" : {
      "@class" : "org.deeplearning4j.nn.conf.graph.LayerVertex",
      "layerConf" : {
        "cacheMode" : "NONE",
        "dataType" : "FLOAT",
        "epochCount" : 0,
        "iterationCount" : 0,
        "layer" : {
          "@class" : "org.deeplearning4j.nn.conf.layers.DropoutLayer",
          "activationFn" : {
            "@class" : "org.nd4j.linalg.activations.impl.ActivationSigmoid"
          },
          "biasInit" : 0.0,
          "biasUpdater" : null,
          "constraints" : null,
          "gainInit" : 1.0,
          "gradientNormalization" : "None",
          "gradientNormalizationThreshold" : 1.0,
          "idropout" : {
            "@class" : "org.deeplearning4j.nn.conf.dropout.Dropout",
            "p" : 0.2,
            "helperAllowFallback" : true,
            "initializedHelper" : false,
            "pschedule" : null
          },
          "iupdater" : {
            "@class" : "org.nd4j.linalg.learning.config.Adam",
            "beta1" : 0.9,
            "beta2" : 0.999,
            "epsilon" : 1.0E-8,
            "learningRate" : 1.0E-4
          },
          "layerName" : "dropout1",
          "nin" : 0,
          "nout" : 0,
          "regularization" : [ ],
          "regularizationBias" : [ ],
          "timeDistributedFormat" : null,
          "weightInitFn" : {
            "@class" : "org.deeplearning4j.nn.weights.WeightInitXavier"
          },
          "weightNoise" : null
        },
        "maxNumLineSearchIterations" : 5,
        "miniBatch" : true,
        "minimize" : true,
        "optimizationAlgo" : "STOCHASTIC_GRADIENT_DESCENT",
        "seed" : 123,
        "stepFunction" : null,
        "variables" : [ ]
      },
      "outputVertex" : false,
      "preProcessor" : null
    },
    "shared2" : {
      "@class" : "org.deeplearning4j.nn.conf.graph.LayerVertex",
      "layerConf" : {
        "cacheMode" : "NONE",
        "dataType" : "FLOAT",
        "epochCount" : 0,
        "iterationCount" : 0,
        "layer" : {
          "@class" : "org.deeplearning4j.nn.conf.layers.DenseLayer",
          "activationFn" : {
            "@class" : "org.nd4j.linalg.activations.impl.ActivationReLU",
            "max" : null,
            "negativeSlope" : null,
            "threshold" : null
          },
          "biasInit" : 0.0,
          "biasUpdater" : null,
          "constraints" : null,
          "gainInit" : 1.0,
          "gradientNormalization" : "None",
          "gradientNormalizationThreshold" : 1.0,
          "hasBias" : true,
          "hasLayerNorm" : false,
          "idropout" : null,
          "iupdater" : {
            "@class" : "org.nd4j.linalg.learning.config.Adam",
            "beta1" : 0.9,
            "beta2" : 0.999,
            "epsilon" : 1.0E-8,
            "learningRate" : 1.0E-4
          },
          "layerName" : "shared2",
          "nin" : 512,
          "nout" : 256,
          "regularization" : [ ],
          "regularizationBias" : [ ],
          "timeDistributedFormat" : null,
          "weightInitFn" : {
            "@class" : "org.deeplearning4j.nn.weights.WeightInitXavier"
          },
          "weightNoise" : null
        },
        "maxNumLineSearchIterations" : 5,
        "miniBatch" : true,
        "minimize" : true,
        "optimizationAlgo" : "STOCHASTIC_GRADIENT_DESCENT",
        "seed" : 123,
        "stepFunction" : null,
        "variables" : [ "W", "b" ]
      },
      "outputVertex" : false,
      "preProcessor" : null
    },
    "dropout2" : {
      "@class" : "org.deeplearning4j.nn.conf.graph.LayerVertex",
      "layerConf" : {
        "cacheMode" : "NONE",
        "dataType" : "FLOAT",
        "epochCount" : 0,
        "iterationCount" : 0,
        "layer" : {
          "@class" : "org.deeplearning4j.nn.conf.layers.DropoutLayer",
          "activationFn" : {
            "@class" : "org.nd4j.linalg.activations.impl.ActivationSigmoid"
          },
          "biasInit" : 0.0,
          "biasUpdater" : null,
          "constraints" : null,
          "gainInit" : 1.0,
          "gradientNormalization" : "None",
          "gradientNormalizationThreshold" : 1.0,
          "idropout" : {
            "@class" : "org.deeplearning4j.nn.conf.dropout.Dropout",
            "p" : 0.2,
            "helperAllowFallback" : true,
            "initializedHelper" : false,
            "pschedule" : null
          },
          "iupdater" : {
            "@class" : "org.nd4j.linalg.learning.config.Adam",
            "beta1" : 0.9,
            "beta2" : 0.999,
            "epsilon" : 1.0E-8,
            "learningRate" : 1.0E-4
          },
          "layerName" : "dropout2",
          "nin" : 0,
          "nout" : 0,
          "regularization" : [ ],
          "regularizationBias" : [ ],
          "timeDistributedFormat" : null,
          "weightInitFn" : {
            "@class" : "org.deeplearning4j.nn.weights.WeightInitXavier"
          },
          "weightNoise" : null
        },
        "maxNumLineSearchIterations" : 5,
        "miniBatch" : true,
        "minimize" : true,
        "optimizationAlgo" : "STOCHASTIC_GRADIENT_DESCENT",
        "seed" : 123,
        "stepFunction" : null,
        "variables" : [ ]
      },
      "outputVertex" : false,
      "preProcessor" : null
    },
    "value1" : {
      "@class" : "org.deeplearning4j.nn.conf.graph.LayerVertex",
      "layerConf" : {
        "cacheMode" : "NONE",
        "dataType" : "FLOAT",
        "epochCount" : 0,
        "iterationCount" : 0,
        "layer" : {
          "@class" : "org.deeplearning4j.nn.conf.layers.DenseLayer",
          "activationFn" : {
            "@class" : "org.nd4j.linalg.activations.impl.ActivationReLU",
            "max" : null,
            "negativeSlope" : null,
            "threshold" : null
          },
          "biasInit" : 0.0,
          "biasUpdater" : null,
          "constraints" : null,
          "gainInit" : 1.0,
          "gradientNormalization" : "None",
          "gradientNormalizationThreshold" : 1.0,
          "hasBias" : true,
          "hasLayerNorm" : false,
          "idropout" : null,
          "iupdater" : {
            "@class" : "org.nd4j.linalg.learning.config.Adam",
            "beta1" : 0.9,
            "beta2" : 0.999,
            "epsilon" : 1.0E-8,
            "learningRate" : 1.0E-4
          },
          "layerName" : "value1",
          "nin" : 256,
          "nout" : 128,
          "regularization" : [ ],
          "regularizationBias" : [ ],
          "timeDistributedFormat" : null,
          "weightInitFn" : {
            "@class" : "org.deeplearning4j.nn.weights.WeightInitXavier"
          },
          "weightNoise" : null
        },
        "maxNumLineSearchIterations" : 5,
        "miniBatch" : true,
        "minimize" : true,
        "optimizationAlgo" : "STOCHASTIC_GRADIENT_DESCENT",
        "seed" : 123,
        "stepFunction" : null,
        "variables" : [ "W", "b" ]
      },
      "outputVertex" : false,
      "preProcessor" : null
    },
    "value_out" : {
      "@class" : "org.deeplearning4j.nn.conf.graph.LayerVertex",
      "layerConf" : {
        "cacheMode" : "NONE",
        "dataType" : "FLOAT",
        "epochCount" : 0,
        "iterationCount" : 0,
        "layer" : {
          "@class" : "org.deeplearning4j.nn.conf.layers.OutputLayer",
          "activationFn" : {
            "@class" : "org.nd4j.linalg.activations.impl.ActivationIdentity"
          },
          "biasInit" : 0.0,
          "biasUpdater" : null,
          "constraints" : null,
          "gainInit" : 1.0,
          "gradientNormalization" : "None",
          "gradientNormalizationThreshold" : 1.0,
          "hasBias" : true,
          "idropout" : null,
          "iupdater" : {
            "@class" : "org.nd4j.linalg.learning.config.Adam",
            "beta1" : 0.9,
            "beta2" : 0.999,
            "epsilon" : 1.0E-8,
            "learningRate" : 1.0E-4
          },
          "layerName" : "value_out",
          "lossFn" : {
            "@class" : "org.nd4j.linalg.lossfunctions.impl.LossMSE"
          },
          "nin" : 128,
          "nout" : 51,
          "regularization" : [ ],
          "regularizationBias" : [ ],
          "timeDistributedFormat" : null,
          "weightInitFn" : {
            "@class" : "org.deeplearning4j.nn.weights.WeightInitXavier"
          },
          "weightNoise" : null
        },
        "maxNumLineSearchIterations" : 5,
        "miniBatch" : true,
        "minimize" : true,
        "optimizationAlgo" : "STOCHASTIC_GRADIENT_DESCENT",
        "seed" : 123,
        "stepFunction" : null,
        "variables" : [ "W", "b" ]
      },
      "outputVertex" : false,
      "preProcessor" : null
    },
    "advantage1" : {
      "@class" : "org.deeplearning4j.nn.conf.graph.LayerVertex",
      "layerConf" : {
        "cacheMode" : "NONE",
        "dataType" : "FLOAT",
        "epochCount" : 0,
        "iterationCount" : 0,
        "layer" : {
          "@class" : "org.deeplearning4j.nn.conf.layers.DenseLayer",
          "activationFn" : {
            "@class" : "org.nd4j.linalg.activations.impl.ActivationReLU",
            "max" : null,
            "negativeSlope" : null,
            "threshold" : null
          },
          "biasInit" : 0.0,
          "biasUpdater" : null,
          "constraints" : null,
          "gainInit" : 1.0,
          "gradientNormalization" : "None",
          "gradientNormalizationThreshold" : 1.0,
          "hasBias" : true,
          "hasLayerNorm" : false,
          "idropout" : null,
          "iupdater" : {
            "@class" : "org.nd4j.linalg.learning.config.Adam",
            "beta1" : 0.9,
            "beta2" : 0.999,
            "epsilon" : 1.0E-8,
            "learningRate" : 1.0E-4
          },
          "layerName" : "advantage1",
          "nin" : 256,
          "nout" : 128,
          "regularization" : [ ],
          "regularizationBias" : [ ],
          "timeDistributedFormat" : null,
          "weightInitFn" : {
            "@class" : "org.deeplearning4j.nn.weights.WeightInitXavier"
          },
          "weightNoise" : null
        },
        "maxNumLineSearchIterations" : 5,
        "miniBatch" : true,
        "minimize" : true,
        "optimizationAlgo" : "STOCHASTIC_GRADIENT_DESCENT",
        "seed" : 123,
        "stepFunction" : null,
        "variables" : [ "W", "b" ]
      },
      "outputVertex" : false,
      "preProcessor" : null
    },
    "advantage_out" : {
      "@class" : "org.deeplearning4j.nn.conf.graph.LayerVertex",
      "layerConf" : {
        "cacheMode" : "NONE",
        "dataType" : "FLOAT",
        "epochCount" : 0,
        "iterationCount" : 0,
        "layer" : {
          "@class" : "org.deeplearning4j.nn.conf.layers.OutputLayer",
          "activationFn" : {
            "@class" : "org.nd4j.linalg.activations.impl.ActivationIdentity"
          },
          "biasInit" : 0.0,
          "biasUpdater" : null,
          "constraints" : null,
          "gainInit" : 1.0,
          "gradientNormalization" : "None",
          "gradientNormalizationThreshold" : 1.0,
          "hasBias" : true,
          "idropout" : null,
          "iupdater" : {
            "@class" : "org.nd4j.linalg.learning.config.Adam",
            "beta1" : 0.9,
            "beta2" : 0.999,
            "epsilon" : 1.0E-8,
            "learningRate" : 1.0E-4
          },
          "layerName" : "advantage_out",
          "lossFn" : {
            "@class" : "org.nd4j.linalg.lossfunctions.impl.LossMSE"
          },
          "nin" : 128,
          "nout" : 51,
          "regularization" : [ ],
          "regularizationBias" : [ ],
          "timeDistributedFormat" : null,
          "weightInitFn" : {
            "@class" : "org.deeplearning4j.nn.weights.WeightInitXavier"
          },
          "weightNoise" : null
        },
        "maxNumLineSearchIterations" : 5,
        "miniBatch" : true,
        "minimize" : true,
        "optimizationAlgo" : "STOCHASTIC_GRADIENT_DESCENT",
        "seed" : 123,
        "stepFunction" : null,
        "variables" : [ "W", "b" ]
      },
      "outputVertex" : false,
      "preProcessor" : null
    }
  }
}